{"0": {"precision": 0.8452638074668313, "recall": 0.9262890955198647, "f1-score": 0.8839235298862629, "support": 5915}, "1": {"precision": 0.5871212121212122, "recall": 0.3820086260012323, "f1-score": 0.4628592758491975, "support": 1623}, "accuracy": 0.80910055717697, "macro avg": {"precision": 0.7161925097940217, "recall": 0.6541488607605486, "f1-score": 0.6733914028677301, "support": 7538}, "weighted avg": {"precision": 0.7896833574474706, "recall": 0.80910055717697, "f1-score": 0.7932645640727637, "support": 7538}}
